Date,Open,High,Low,Close,Adj Close,Volume
2000-01-01,1028.329956,1066.180054,930.840027,948.650024,948.650024,87278100
2000-01-08,979.669983,1005.869995,937.750000,948.030029,948.030029,117228200
2000-01-15,962.669983,992.849976,906.260010,925.159973,925.159973,114168300
2000-01-22,917.929993,944.309998,875.820007,941.669983,941.669983,132219800
2000-01-29,924.830017,959.309998,922.919983,950.219971,950.219971,118310500
2000-02-05,953.229980,991.710022,941.239990,953.219971,953.219971,126809500
2000-02-12,932.940002,941.229980,843.580017,897.520020,897.520020,113752500
2000-02-19,864.609985,887.820007,835.969971,864.760010,864.760010,131650200
2000-02-26,850.359985,910.020020,810.530029,894.830017,894.830017,115785600
2000-03-04,907.559998,928.549988,883.530029,891.359985,891.359985,173182700
2000-03-11,890.869995,890.869995,820.299988,855.570007,855.570007,160777200
2000-03-18,862.679993,900.059998,838.979980,889.239990,889.239990,128873000
2000-03-25,893.130005,913.349976,860.520020,860.940002,860.940002,130466500
2000-04-01,866.750000,876.809998,804.150024,837.380005,837.380005,99374200
2000-04-08,861.719971,880.409973,793.739990,800.890015,800.890015,79397000
2000-04-15,762.960022,781.549988,699.219971,767.159973,767.159973,125934700
2000-04-22,767.049988,770.719971,688.359985,725.390015,725.390015,103967400
2000-04-29,731.760010,760.989990,729.840027,751.289978,751.289978,56597700
2000-05-06,759.150024,778.460022,737.070007,740.299988,740.299988,75915000
2000-05-13,737.210022,769.010010,695.729980,730.679993,730.679993,98235600
2000-05-20,715.549988,718.299988,643.969971,656.659973,656.659973,142980000
2000-05-27,627.400024,776.489990,625.140015,760.690002,760.690002,194796300
2000-06-03,778.479980,842.130005,778.479980,836.400024,836.400024,213370600
2000-06-10,851.059998,858.340027,753.960022,759.039978,759.039978,207931100
2000-06-17,748.469971,804.200012,744.900024,778.940002,778.940002,177177800
2000-06-24,782.280029,830.799988,779.390015,821.219971,821.219971,205450900
2000-07-01,824.830017,851.619995,810.099976,841.739990,841.739990,267775100
2000-07-08,847.599976,863.530029,826.820007,827.950012,827.950012,269370700
2000-07-15,822.299988,829.190002,771.500000,783.059998,783.059998,159430700
2000-07-22,766.440002,769.809998,691.010010,692.650024,692.650024,157385500
2000-07-29,686.349976,736.229980,678.349976,710.000000,710.000000,132609000
2000-08-05,693.500000,732.780029,665.630005,722.210022,722.210022,128351000
2000-08-12,741.549988,754.460022,726.900024,728.320007,728.320007,123247800
2000-08-19,721.020020,740.700012,706.210022,729.799988,729.799988,139741100
2000-08-26,728.880005,739.530029,682.679993,692.190002,692.190002,120848000
2000-09-02,690.950012,693.659973,647.989990,653.679993,653.679993,120614200
2000-09-09,636.700012,652.500000,621.260010,628.200012,628.200012,65844600
2000-09-16,591.979980,613.010010,551.000000,553.250000,553.250000,163788100
2000-09-23,562.789978,620.080017,562.479980,613.219971,613.219971,175760100
2000-09-30,595.679993,616.219971,571.580017,608.849976,608.849976,138125000
2000-10-07,606.809998,606.900024,498.559998,524.599976,524.599976,152816600
2000-10-14,557.109985,565.880005,485.000000,545.969971,545.969971,173770000
2000-10-21,555.109985,556.000000,515.340027,515.340027,515.340027,138796500
2000-10-28,514.820007,567.070007,483.579987,560.409973,560.409973,187038700
2000-11-04,557.640015,581.469971,545.770020,565.179993,565.179993,177072200
2000-11-11,552.440002,570.359985,536.450012,551.260010,551.260010,149360100
2000-11-18,543.780029,547.559998,512.409973,530.840027,530.840027,152538900
2000-11-25,542.270020,554.039978,489.529999,514.460022,514.460022,165546600
2000-12-02,520.140015,540.630005,499.720001,534.809998,534.809998,153910800
2000-12-09,543.460022,560.159973,533.650024,534.000000,534.000000,160863700
2000-12-16,529.369995,541.780029,497.309998,500.600006,500.600006,146872000
2000-12-23,509.089996,509.950012,501.640015,504.619995,504.619995,25289000
2000-12-30,503.309998,581.409973,500.970001,580.849976,580.849976,157842400
2001-01-06,573.719971,601.090027,557.859985,587.869995,587.869995,299256500
2001-01-13,595.059998,622.250000,587.260010,619.780029,619.780029,260611700
2001-01-20,622.520020,627.450012,591.729980,591.729980,591.729980,92868900
2001-01-27,592.750000,620.780029,587.419983,608.479980,608.479980,214324900
2001-02-03,594.909973,598.969971,573.520020,595.469971,595.469971,165990300
2001-02-10,587.619995,612.260010,584.369995,604.919983,604.919983,174817600
2001-02-17,595.659973,609.359985,571.719971,583.520020,583.520020,208765200
2001-02-24,585.159973,597.119995,557.200012,559.440002,559.440002,160569100
2001-03-03,549.270020,579.280029,549.270020,565.760010,565.760010,182433500
2001-03-10,554.359985,556.840027,522.650024,538.669983,538.669983,185207400
2001-03-17,531.840027,542.789978,520.409973,537.969971,537.969971,166494800
2001-03-24,544.750000,550.260010,516.969971,523.219971,523.219971,217058300
2001-03-31,520.559998,522.090027,493.570007,506.220001,506.220001,119659800
2001-04-07,503.070007,519.479980,491.209991,516.099976,516.099976,165590300
2001-04-14,514.549988,581.630005,505.920013,556.289978,556.289978,218027600
2001-04-21,559.090027,570.989990,547.390015,556.630005,556.630005,168054000
2001-04-28,565.440002,587.179993,564.719971,585.599976,585.599976,174866400
2001-05-05,588.880005,599.049988,575.429993,583.059998,583.059998,258767300
2001-05-12,585.130005,600.539978,572.359985,600.539978,600.539978,277426800
2001-05-19,606.869995,633.159973,606.460022,624.109985,624.109985,326648000
2001-05-26,620.200012,632.090027,603.840027,607.070007,607.070007,215871300
2001-06-02,609.059998,621.900024,594.280029,621.780029,621.780029,183247500
2001-06-09,612.460022,623.369995,603.909973,618.960022,618.960022,184876500
2001-06-16,617.659973,619.820007,589.460022,599.080017,599.080017,215074000
2001-06-23,597.369995,602.770020,580.750000,595.130005,595.130005,95793100
2001-06-30,593.030029,600.510010,578.130005,578.539978,578.539978,1049200
2001-07-07,565.340027,571.159973,545.760010,548.489990,548.489990,1249600
2001-07-14,551.429993,554.929993,534.130005,537.710022,537.710022,1042000
2001-07-21,535.000000,542.580017,512.780029,541.130005,541.130005,1831400
2001-07-28,542.080017,572.030029,532.549988,568.690002,568.690002,1631400
2001-08-04,564.719971,573.559998,549.669983,555.340027,555.340027,1709400
2001-08-11,558.479980,585.359985,552.169983,580.989990,580.989990,1801000
2001-08-18,568.580017,580.510010,560.530029,569.309998,569.309998,2161400
2001-08-25,577.460022,585.340027,542.210022,545.109985,545.109985,2825000
2001-09-01,545.020020,559.169983,539.169983,555.080017,555.080017,2283400
2001-09-08,547.989990,553.609985,472.980011,482.290009,482.290009,595800
2001-09-15,475.309998,491.989990,463.540009,472.309998,472.309998,1975800
2001-09-22,473.750000,491.679993,464.420013,479.679993,479.679993,2482300
2001-09-29,498.869995,502.109985,494.760010,501.920013,501.920013,1329800
2001-10-06,497.440002,526.200012,493.119995,516.400024,516.400024,3044200
2001-10-13,513.549988,530.080017,511.290009,528.039978,528.039978,2290800
2001-10-20,533.679993,547.250000,530.450012,543.409973,543.409973,1849200
2001-10-27,548.219971,554.049988,529.750000,550.570007,550.570007,2682000
2001-11-03,555.619995,579.190002,552.890015,576.750000,576.750000,2715800
2001-11-10,581.710022,612.530029,575.580017,610.880005,610.880005,4057600
2001-11-17,610.770020,647.200012,609.179993,645.179993,645.179993,4173600
2001-11-24,655.080017,680.909973,616.510010,643.890015,643.890015,3752600
2001-12-01,643.609985,715.929993,631.869995,704.500000,704.500000,4115800
2001-12-08,701.359985,702.010010,655.650024,665.200012,665.200012,2848600
2001-12-15,661.289978,666.479980,639.619995,644.710022,644.710022,2618800
2001-12-22,647.729980,695.960022,642.260010,693.700012,693.700012,2015600
2001-12-29,698.000000,750.830017,690.359985,747.719971,747.719971,2002000
2002-01-05,748.539978,757.809998,718.739990,727.359985,727.359985,4351800
2002-01-12,721.429993,744.030029,698.299988,708.469971,708.469971,3283000
2002-01-19,704.729980,784.119995,701.010010,774.679993,774.679993,3289400
2002-01-26,787.650024,787.650024,739.150024,742.419983,742.419983,3592400
2002-02-02,740.979980,747.359985,718.859985,739.659973,739.659973,2721400
2002-02-09,764.150024,796.179993,762.409973,783.590027,783.590027,1507400
2002-02-16,783.750000,797.729980,769.710022,792.000000,792.000000,3459800
2002-02-23,796.799988,826.599976,786.729980,819.989990,819.989990,2441200
2002-03-02,842.210022,850.609985,815.539978,825.270020,825.270020,3651000
2002-03-09,828.219971,868.020020,818.429993,860.359985,860.359985,3190000
2002-03-16,877.190002,908.400024,863.650024,895.979980,895.979980,3528400
2002-03-23,901.429993,914.929993,872.570007,895.580017,895.580017,2182800
2002-03-30,900.469971,920.869995,871.450012,918.010010,918.010010,2044200
2002-04-06,920.830017,926.229980,853.179993,875.690002,875.690002,3304800
2002-04-13,879.039978,941.739990,877.989990,923.940002,923.940002,4196400
2002-04-20,930.099976,943.539978,864.059998,869.650024,869.650024,3618200
2002-04-27,848.520020,863.099976,829.159973,856.719971,856.719971,2901800
2002-05-04,840.929993,869.450012,811.659973,817.929993,817.929993,3133000
2002-05-11,808.969971,878.390015,804.909973,875.030029,875.030029,3486200
2002-05-18,876.369995,878.679993,829.500000,854.570007,854.570007,3763800
2002-05-25,850.119995,860.369995,794.919983,796.400024,796.400024,3540200
2002-06-01,793.530029,818.549988,785.580017,795.159973,795.159973,2687800
2002-06-08,803.179993,832.260010,802.020020,822.010010,822.010010,3292800
2002-06-15,824.179993,828.070007,758.950012,778.530029,778.530029,3602200
2002-06-22,767.830017,778.679993,699.150024,742.719971,742.719971,3416200
2002-06-29,722.580017,797.419983,720.700012,787.830017,787.830017,3255600
2002-07-06,807.119995,807.359985,764.880005,792.929993,792.929993,6125800
2002-07-13,787.650024,799.869995,744.359985,754.619995,754.619995,7694800
2002-07-20,724.489990,752.780029,688.679993,697.840027,697.840027,8113800
2002-07-27,704.080017,731.309998,689.380005,700.679993,700.679993,8352000
2002-08-03,690.770020,705.750000,660.940002,692.450012,692.450012,6534800
2002-08-10,693.989990,729.210022,692.479980,718.289978,718.289978,3288400
2002-08-17,722.849976,753.500000,713.299988,740.510010,740.510010,6493400
2002-08-24,731.820007,737.510010,717.039978,736.400024,736.400024,3948600
2002-08-31,739.840027,755.440002,707.210022,708.729980,708.729980,3280600
2002-09-07,714.580017,739.219971,696.150024,718.169983,718.169983,4053600
2002-09-14,721.450012,726.840027,699.770020,704.119995,704.119995,2510800
2002-09-21,692.140015,693.260010,651.929993,663.719971,663.719971,3283600
2002-09-28,645.280029,666.969971,637.770020,650.919983,650.919983,2520400
2002-10-05,644.320007,644.320007,576.489990,587.510010,587.510010,3125200
2002-10-12,604.429993,674.190002,603.799988,670.789978,670.789978,4997200
2002-10-19,666.510010,668.309998,631.239990,655.880005,655.880005,7042800
2002-10-26,666.960022,682.809998,646.150024,647.650024,647.650024,6051800
2002-11-02,661.239990,688.469971,658.000000,674.849976,674.849976,5740000
2002-11-09,669.159973,673.500000,643.390015,672.950012,672.950012,3961600
2002-11-16,672.919983,704.380005,663.130005,692.869995,692.869995,4916800
2002-11-23,695.479980,725.599976,694.510010,724.799988,724.799988,5148400
2002-11-30,724.989990,737.700012,708.450012,718.090027,718.090027,3591000
2002-12-07,720.219971,722.450012,695.340027,708.130005,708.130005,4268600
2002-12-14,698.539978,712.500000,690.809998,709.440002,709.440002,4133200
2002-12-21,711.719971,713.320007,655.690002,656.919983,656.919983,3045000
2002-12-28,652.070007,662.400024,613.760010,661.099976,661.099976,2399000
2003-01-04,665.099976,679.299988,618.679993,628.359985,628.359985,3344800
2003-01-11,627.010010,659.049988,624.460022,636.460022,636.460022,3267400
2003-01-18,627.780029,636.039978,604.739990,609.429993,609.429993,2429200
2003-01-25,597.820007,602.179993,581.130005,591.859985,591.859985,1803000
2003-02-01,591.880005,606.700012,571.200012,577.479980,577.479980,2876800
2003-02-08,573.090027,585.739990,561.690002,575.239990,575.239990,2311600
2003-02-15,590.390015,616.789978,588.219971,603.599976,603.599976,3561200
2003-02-22,608.770020,619.450012,573.299988,575.429993,575.429993,2866800
2003-03-01,578.500000,590.549988,544.090027,546.020020,546.020020,3324800
2003-03-08,545.539978,548.450012,514.429993,537.650024,537.650024,3497200
2003-03-15,535.789978,576.950012,512.299988,575.770020,575.770020,3837200
2003-03-22,579.080017,579.080017,544.669983,556.330017,556.330017,3737600
2003-03-29,547.750000,558.840027,525.510010,558.010010,558.010010,2887000
2003-04-05,566.929993,597.020020,563.260010,582.969971,582.969971,4062200
2003-04-12,590.039978,625.130005,588.909973,624.770020,624.770020,4033400
2003-04-19,623.890015,627.500000,560.530029,566.630005,566.630005,3626800
2003-04-26,559.030029,604.210022,556.150024,597.440002,597.440002,1886800
2003-05-03,603.049988,619.250000,602.289978,619.109985,619.109985,1672400
2003-05-10,631.900024,637.190002,605.619995,610.809998,610.809998,2895800
2003-05-17,603.770020,612.070007,584.619995,611.510010,611.510010,2104600
2003-05-24,611.150024,636.200012,607.760010,633.419983,633.419983,2482400
2003-05-31,643.929993,649.690002,632.469971,642.380005,642.380005,1973400
2003-06-07,640.580017,670.200012,638.309998,665.239990,665.239990,2325200
2003-06-14,661.599976,690.700012,655.859985,686.219971,686.219971,2801400
2003-06-21,685.969971,686.599976,659.770020,677.280029,677.280029,2376800
2003-06-28,673.659973,699.340027,663.349976,693.250000,693.250000,2135200
2003-07-05,699.320007,715.799988,691.590027,704.150024,704.150024,2690000
2003-07-12,709.090027,724.530029,697.669983,699.349976,699.349976,2415000
2003-07-19,699.119995,705.599976,690.590027,705.090027,705.090027,3163400
2003-07-26,715.440002,728.380005,710.010010,727.260010,727.260010,2381800
2003-08-02,719.570007,726.299988,703.049988,704.140015,704.140015,2215400
2003-08-09,700.409973,727.010010,693.700012,727.010010,727.010010,1655800
2003-08-16,728.919983,759.150024,727.559998,754.719971,754.719971,2652400
2003-08-23,754.169983,765.270020,746.919983,759.469971,759.469971,2235600
2003-08-30,763.219971,771.780029,759.359985,761.549988,761.549988,2072400
2003-09-06,759.489990,775.880005,756.010010,767.460022,767.460022,751800
2003-09-13,764.679993,772.349976,745.159973,748.250000,748.250000,2215000
2003-09-20,741.539978,741.679993,697.130005,697.400024,697.400024,2166400
2003-09-27,697.260010,718.359985,688.070007,715.239990,715.239990,1726800
2003-10-04,723.469971,759.599976,719.330017,757.890015,757.890015,2161600
2003-10-11,754.500000,783.080017,747.020020,767.750000,767.750000,2485000
2003-10-18,766.330017,785.020020,743.380005,748.169983,748.169983,2199200
2003-10-25,752.820007,793.349976,750.500000,782.359985,782.359985,2428600
2003-11-01,783.080017,811.969971,778.039978,804.049988,804.049988,2724800
2003-11-08,800.979980,818.340027,782.030029,809.890015,809.890015,2658600
2003-11-15,803.479980,803.950012,762.359985,770.780029,770.780029,3094000
2003-11-22,765.820007,797.070007,752.140015,796.179993,796.179993,2736600
2003-11-29,796.359985,816.020020,789.409973,789.409973,789.409973,2478200
2003-12-06,780.229980,810.679993,774.039978,806.080017,806.080017,2040800
2003-12-13,821.619995,824.260010,797.460022,811.200012,811.200012,2320200
2003-12-20,809.570007,815.549988,786.109985,788.849976,788.849976,1668800
2003-12-27,779.239990,821.869995,779.239990,821.260010,821.260010,975600
2004-01-03,817.280029,849.500000,816.549988,845.270020,845.270020,2268800
2004-01-10,843.960022,855.450012,840.109985,847.950012,847.950012,2110600
2004-01-17,854.960022,864.260010,851.340027,861.369995,861.369995,364854100
2004-01-24,867.650024,873.609985,846.049988,848.500000,848.500000,2177400
2004-01-31,850.280029,855.429993,834.700012,850.229980,850.229980,2443400
2004-02-07,860.900024,883.349976,859.580017,882.179993,882.179993,2230200
2004-02-14,879.229980,890.510010,872.419983,877.489990,877.489990,2454600
2004-02-21,874.929993,883.419983,861.770020,883.419983,883.419983,2531600
2004-02-28,892.570007,909.080017,892.380005,905.380005,905.380005,2148600
2004-03-06,909.150024,910.669983,822.049988,848.799988,848.799988,2562800
2004-03-13,855.840027,883.330017,838.109985,883.330017,883.330017,2261600
2004-03-20,878.619995,881.000000,849.559998,863.950012,863.950012,1727600
2004-03-27,868.099976,889.599976,867.210022,883.690002,883.690002,1787400
2004-04-03,899.429993,916.859985,898.000000,905.440002,905.440002,1803800
2004-04-10,905.440002,927.669983,897.729980,898.880005,898.880005,408384000
2004-04-17,900.479980,939.520020,891.270020,936.059998,936.059998,2487200
2004-04-24,935.010010,935.280029,854.390015,862.840027,862.840027,2018400
2004-05-01,863.030029,876.299988,819.609985,838.739990,838.739990,1440200
2004-05-08,831.099976,831.369995,759.650024,768.460022,768.460022,1920600
2004-05-15,766.559998,786.359985,716.950012,786.359985,786.359985,1816400
2004-05-22,795.989990,816.640015,776.710022,816.510010,816.510010,1285400
2004-05-29,811.460022,817.000000,764.929993,780.739990,780.739990,1755000
2004-06-05,788.409973,820.869995,748.340027,751.530029,751.530029,2253600
2004-06-12,744.250000,769.659973,729.059998,741.729980,741.729980,1970400
2004-06-19,745.219971,780.000000,732.789978,779.030029,779.030029,1750400
2004-06-26,777.849976,792.770020,754.260010,755.419983,755.419983,1721400
2004-07-03,754.159973,763.929993,735.719971,747.460022,747.460022,1851800
2004-07-10,752.710022,757.900024,717.770020,739.390015,739.390015,1780400
2004-07-17,730.580017,756.440002,729.570007,737.510010,737.510010,1797800
2004-07-24,730.150024,748.820007,726.710022,735.340027,735.340027,1712600
2004-07-31,730.609985,745.049988,713.989990,733.950012,733.950012,1574400
2004-08-07,728.659973,777.840027,724.500000,776.020020,776.020020,1685400
2004-08-14,774.289978,789.780029,767.260010,787.640015,787.640015,1622000
2004-08-21,792.500000,814.049988,781.460022,810.299988,810.299988,1378200
2004-08-28,811.549988,826.260010,797.619995,820.690002,820.690002,1817600
2004-09-04,823.640015,837.369995,809.030029,836.340027,836.340027,1992600
2004-09-11,842.150024,863.119995,841.409973,848.109985,848.109985,2017800
2004-09-18,849.460022,863.190002,823.049988,832.099976,832.099976,1767400
2004-09-25,829.929993,846.010010,827.169983,846.010010,846.010010,587200
2004-10-02,859.119995,896.239990,858.919983,881.380005,881.380005,1921800
2004-10-09,876.559998,882.049988,833.450012,841.940002,841.940002,1618400
2004-10-16,845.000000,863.750000,814.640015,828.169983,828.169983,1602000
2004-10-23,816.109985,835.260010,801.010010,834.840027,834.840027,1368200
2004-10-30,832.520020,865.380005,831.320007,860.679993,860.679993,1294000
2004-11-06,865.650024,882.590027,840.239990,876.669983,876.669983,1493200
2004-11-13,879.880005,891.710022,863.520020,867.030029,867.030029,1551600
2004-11-20,857.330017,883.849976,844.109985,858.119995,858.119995,1418800
2004-11-27,861.169983,893.510010,855.809998,882.549988,882.549988,1632200
2004-12-04,875.530029,876.380005,841.770020,844.849976,844.849976,1491400
2004-12-11,841.340027,880.950012,838.099976,875.130005,875.130005,1600200
2004-12-18,872.299988,890.809998,870.599976,879.919983,879.919983,1591200
2004-12-25,881.820007,896.099976,868.039978,895.919983,895.919983,1044000
2005-01-01,896.000000,897.590027,866.719971,870.840027,870.840027,1616800
2005-01-08,872.820007,905.520020,866.169983,905.099976,905.099976,1609400
2005-01-15,915.219971,926.849976,906.229980,919.609985,919.609985,2195400
2005-01-22,918.210022,930.590027,911.260010,921.590027,921.590027,2400000
2005-01-29,920.989990,936.450012,918.440002,933.549988,933.549988,2138800
2005-02-05,942.150024,949.450012,936.169983,947.229980,947.229980,803400
2005-02-12,957.219971,984.099976,954.359985,984.099976,984.099976,2697600
2005-02-19,992.460022,1000.260010,963.900024,996.950012,996.950012,2856400
2005-02-26,1003.650024,1016.179993,999.099976,1012.960022,1012.960022,2458400
2005-03-05,1021.630005,1025.079956,990.440002,1022.789978,1022.789978,3011400
2005-03-12,1018.330017,1024.339966,972.900024,979.719971,979.719971,3371200
2005-03-19,979.309998,986.880005,949.979980,965.299988,965.299988,2707600
2005-03-26,969.479980,982.489990,946.409973,981.900024,981.900024,2491600
2005-04-02,981.000000,996.900024,975.280029,992.169983,992.169983,1993800
2005-04-09,988.210022,988.500000,940.039978,947.219971,947.219971,2125000
2005-04-16,930.849976,952.960022,916.739990,940.789978,940.789978,2020600
2005-04-23,936.250000,949.330017,902.880005,911.299988,911.299988,1921000
2005-04-30,916.479980,942.669983,911.140015,940.849976,940.849976,1317400
2005-05-07,942.010010,942.320007,910.719971,923.190002,923.190002,1582200
2005-05-14,925.409973,956.059998,921.770020,952.190002,952.190002,1735000
2005-05-21,955.049988,962.900024,938.880005,960.909973,960.909973,1484600
2005-05-28,962.250000,979.359985,959.979980,976.090027,976.090027,1443800
2005-06-04,975.390015,994.900024,968.280029,990.789978,990.789978,1629600
2005-06-11,993.140015,1007.200012,981.950012,1003.679993,1003.679993,2080600
2005-06-18,1003.799988,1010.909973,986.609985,1002.429993,1002.429993,2165600
2005-06-25,996.729980,1018.039978,985.929993,1018.020020,1018.020020,2242400
2005-07-02,1022.669983,1029.369995,1014.859985,1021.950012,1021.950012,3101200
2005-07-09,1034.589966,1066.969971,1033.280029,1059.599976,1059.599976,3463400
2005-07-16,1061.709961,1086.949951,1057.030029,1074.219971,1074.219971,3402800
2005-07-23,1075.500000,1113.430054,1073.660034,1111.290039,1111.290039,3160600
2005-07-30,1113.900024,1129.920044,1084.229980,1089.359985,1089.359985,2959200
2005-08-06,1081.689941,1131.969971,1079.530029,1130.219971,1130.219971,2149200
2005-08-13,1131.719971,1137.459961,1078.530029,1089.880005,1089.880005,1697800
2005-08-20,1095.239990,1121.890015,1079.140015,1086.550049,1086.550049,1813600
2005-08-27,1068.140015,1118.869995,1055.540039,1115.829956,1115.829956,1809600
2005-09-03,1120.319946,1153.630005,1111.949951,1152.500000,1152.500000,2084800
2005-09-10,1158.089966,1178.609985,1150.760010,1174.130005,1174.130005,2302600
2005-09-17,1192.109985,1200.229980,1175.829956,1175.880005,1175.880005,1857200
2005-09-24,1181.939941,1238.719971,1181.939941,1221.010010,1221.010010,2184200
2005-10-01,1228.030029,1246.410034,1193.739990,1201.010010,1201.010010,1965200
2005-10-08,1210.109985,1245.849976,1177.680054,1190.170044,1190.170044,2737400
2005-10-15,1195.619995,1199.910034,1144.780029,1183.479980,1183.479980,2614200
2005-10-22,1188.859985,1204.339966,1137.229980,1140.719971,1140.719971,2066800
2005-10-29,1152.949951,1229.170044,1143.199951,1221.979980,1221.979980,1858200
2005-11-05,1226.959961,1257.250000,1205.479980,1256.119995,1256.119995,2193800
2005-11-12,1260.280029,1281.180054,1236.819946,1272.250000,1272.250000,2497000
2005-11-19,1276.260010,1298.250000,1241.270020,1293.219971,1293.219971,2614600
2005-11-26,1297.349976,1319.280029,1271.910034,1310.119995,1310.119995,2505800
2005-12-03,1312.560059,1332.640015,1304.880005,1317.420044,1317.420044,2467200
2005-12-10,1321.069946,1349.869995,1314.520020,1321.040039,1321.040039,2724000
2005-12-17,1325.609985,1364.479980,1320.880005,1359.530029,1359.530029,2487200
2005-12-24,1363.810059,1383.140015,1353.239990,1379.369995,1379.369995,1620800
2005-12-31,1383.319946,1412.790039,1370.609985,1412.780029,1412.780029,2591400
2006-01-07,1421.900024,1421.900024,1384.270020,1416.280029,1416.280029,2409200
2006-01-14,1423.079956,1426.209961,1321.959961,1324.780029,1324.780029,2379600
2006-01-21,1307.400024,1384.560059,1285.630005,1384.560059,1384.560059,2423000
2006-01-28,1391.510010,1403.300049,1330.680054,1333.500000,1333.500000,1770400
2006-02-04,1326.229980,1348.239990,1307.770020,1335.229980,1335.229980,1789800
2006-02-11,1338.699951,1342.400024,1299.729980,1332.729980,1332.729980,1654600
2006-02-18,1336.010010,1366.709961,1324.400024,1365.819946,1365.819946,1805600
2006-02-25,1365.410034,1379.709961,1325.589966,1328.949951,1328.949951,1343800
2006-03-04,1332.709961,1344.770020,1296.780029,1320.069946,1320.069946,1475000
2006-03-11,1332.280029,1347.130005,1316.469971,1341.119995,1341.119995,1613800
2006-03-18,1339.729980,1350.020020,1300.439941,1321.229980,1321.229980,1618000
2006-03-25,1317.459961,1360.130005,1314.630005,1359.599976,1359.599976,1681800
2006-04-01,1362.349976,1406.030029,1361.140015,1402.359985,1402.359985,1888400
2006-04-08,1394.640015,1434.680054,1372.239990,1432.719971,1432.719971,1571200
2006-04-15,1435.160034,1458.349976,1415.140015,1451.310059,1451.310059,1818400
2006-04-22,1448.040039,1458.670044,1413.699951,1419.729980,1419.729980,1609400
2006-04-29,1419.640015,1453.500000,1408.800049,1441.020020,1441.020020,865400
2006-05-06,1459.390015,1464.699951,1429.920044,1445.199951,1445.199951,1338000
2006-05-13,1424.579956,1424.579956,1346.310059,1372.290039,1372.290039,1453800
2006-05-20,1375.949951,1376.079956,1295.469971,1322.430054,1322.430054,1199600
2006-05-27,1333.589966,1340.329956,1285.430054,1309.040039,1309.040039,930200
2006-06-03,1315.770020,1315.770020,1217.760010,1235.650024,1235.650024,953200
2006-06-10,1229.959961,1264.869995,1192.089966,1262.189941,1262.189941,1025600
2006-06-17,1254.589966,1260.219971,1210.989990,1228.619995,1228.619995,971200
2006-06-24,1227.000000,1295.430054,1221.650024,1295.150024,1295.150024,1020400
2006-07-01,1294.569946,1305.670044,1255.020020,1273.930054,1273.930054,936800
2006-07-08,1265.579956,1311.270020,1246.650024,1255.130005,1255.130005,986400
2006-07-15,1241.569946,1273.420044,1231.050049,1271.329956,1271.329956,760600
2006-07-22,1258.869995,1301.689941,1245.979980,1297.069946,1297.069946,906800
2006-07-29,1313.910034,1316.119995,1277.310059,1304.510010,1304.510010,889000
2006-08-05,1308.359985,1321.550049,1289.229980,1292.099976,1292.099976,1006600
2006-08-12,1295.430054,1336.380005,1287.650024,1331.099976,1331.099976,826600
2006-08-19,1333.260010,1337.699951,1309.550049,1329.349976,1329.349976,977000
2006-08-26,1329.900024,1361.479980,1325.040039,1356.670044,1356.670044,1203400
2006-09-02,1363.689941,1365.079956,1342.569946,1354.890015,1354.890015,1204600
2006-09-09,1357.290039,1361.199951,1323.900024,1361.099976,1361.099976,1395800
2006-09-16,1360.660034,1378.989990,1343.270020,1348.380005,1348.380005,1264200
2006-09-23,1347.880005,1377.369995,1338.979980,1371.410034,1371.410034,1162800
2006-09-30,1370.270020,1380.910034,1345.829956,1352.000000,1352.000000,454200
2006-10-07,1356.589966,1365.010010,1303.619995,1348.599976,1348.599976,1412600
2006-10-14,1356.589966,1366.939941,1338.000000,1364.239990,1364.239990,1361200
2006-10-21,1367.140015,1379.510010,1358.930054,1369.089966,1369.089966,1163800
2006-10-28,1363.339966,1385.390015,1351.079956,1383.880005,1383.880005,1082600
2006-11-04,1379.369995,1399.869995,1363.709961,1395.729980,1395.729980,986400
2006-11-11,1399.510010,1417.680054,1386.760010,1412.219971,1412.219971,1130400
2006-11-18,1413.739990,1424.819946,1399.969971,1421.729980,1421.729980,1309200
2006-11-25,1419.800049,1436.800049,1404.670044,1434.359985,1434.359985,1288000
2006-12-02,1431.010010,1436.689941,1386.260010,1390.430054,1390.430054,1194600
2006-12-09,1390.260010,1425.780029,1373.030029,1421.869995,1421.869995,1165400
2006-12-16,1427.140015,1445.510010,1425.599976,1437.489990,1437.489990,1111800
2006-12-23,1434.579956,1441.209961,1418.770020,1434.459961,1434.459961,555200
2006-12-30,1438.890015,1439.709961,1372.359985,1385.760010,1385.760010,869400
2007-01-06,1376.760010,1389.000000,1345.079956,1388.369995,1388.369995,1045400
2007-01-13,1396.869995,1397.640015,1356.219971,1360.560059,1360.560059,944400
2007-01-20,1363.839966,1392.550049,1348.459961,1371.329956,1371.329956,890800
2007-01-27,1376.479980,1413.339966,1357.869995,1413.140015,1413.140015,877400
2007-02-03,1413.770020,1432.290039,1409.709961,1427.680054,1427.680054,980200
2007-02-10,1416.839966,1450.839966,1403.750000,1448.810059,1448.810059,1066200
2007-02-17,1450.959961,1471.040039,1443.969971,1469.880005,1469.880005,1099400
2007-02-24,1466.920044,1470.949951,1393.959961,1414.469971,1414.469971,1090800
2007-03-03,1400.800049,1434.699951,1375.839966,1423.579956,1423.579956,1239200
2007-03-10,1429.680054,1442.040039,1405.130005,1427.880005,1427.880005,1319200
2007-03-17,1425.219971,1456.180054,1420.890015,1447.380005,1447.380005,1568000
2007-03-24,1451.119995,1459.689941,1432.800049,1452.550049,1452.550049,1441800
2007-03-31,1456.189941,1488.579956,1452.560059,1484.150024,1484.150024,1640200
2007-04-07,1489.790039,1526.089966,1489.130005,1520.780029,1520.780029,1920800
2007-04-14,1523.890015,1538.890015,1506.140015,1533.079956,1533.079956,1998800
2007-04-21,1545.449951,1565.030029,1536.119995,1542.520020,1542.520020,1974000
2007-04-28,1538.689941,1567.739990,1530.670044,1567.739990,1567.739990,1094600
2007-05-05,1574.859985,1616.060059,1574.859985,1603.560059,1603.560059,1959200
2007-05-12,1612.729980,1622.160034,1586.000000,1612.250000,1612.250000,2280400
2007-05-19,1602.640015,1651.609985,1602.640015,1644.560059,1644.560059,1864600
2007-05-26,1650.530029,1745.390015,1638.030029,1716.239990,1716.239990,2475400
2007-06-02,1734.270020,1753.239990,1713.500000,1727.280029,1727.280029,1952600
2007-06-09,1740.459961,1776.800049,1709.959961,1772.260010,1772.260010,2743400
2007-06-16,1786.290039,1813.839966,1759.949951,1770.979980,1770.979980,3061200
2007-06-23,1754.199951,1785.869995,1724.819946,1743.599976,1743.599976,1666800
2007-06-30,1741.410034,1865.520020,1736.630005,1861.010010,1861.010010,2069800
2007-07-07,1870.349976,1962.939941,1865.790039,1962.930054,1962.930054,2263800
2007-07-14,1965.660034,1983.540039,1922.140015,1983.540039,1983.540039,2379600
2007-07-21,1978.050049,2015.479980,1863.390015,1883.219971,1883.219971,2850600
2007-07-28,1874.079956,1933.270020,1810.619995,1876.800049,1876.800049,1871600
2007-08-04,1832.540039,1928.640015,1814.300049,1828.489990,1828.489990,1824600
2007-08-11,1840.890015,1857.130005,1626.869995,1638.069946,1638.069946,1737200
2007-08-18,1700.479980,1816.189941,1693.420044,1791.329956,1791.329956,1998800
2007-08-25,1825.969971,1873.349976,1773.050049,1873.239990,1873.239990,1949800
2007-09-01,1876.920044,1899.660034,1844.640015,1884.900024,1884.900024,2034000
2007-09-08,1845.589966,1875.949951,1805.880005,1870.020020,1870.020020,1926400
2007-09-15,1873.650024,1921.229980,1837.219971,1919.260010,1919.260010,2081600
2007-09-22,1944.869995,1952.390015,1935.020020,1946.479980,1946.479980,936200
2007-09-29,1948.780029,2014.959961,1946.130005,1996.030029,1996.030029,1753000
2007-10-06,2020.339966,2058.870117,1995.050049,2026.439941,2026.439941,2320800
2007-10-13,2043.930054,2047.020020,1933.819946,1970.099976,1970.099976,2257000
2007-10-20,1901.150024,2028.069946,1875.229980,2028.060059,2028.060059,2099200
2007-10-27,2051.620117,2085.449951,2014.650024,2019.339966,2019.339966,2039200
2007-11-03,2025.040039,2085.030029,1968.859985,1990.469971,1990.469971,1649200
2007-11-10,1957.780029,1985.380005,1887.760010,1926.199951,1926.199951,1741200
2007-11-17,1936.380005,1936.500000,1745.260010,1772.880005,1772.880005,1564400
2007-11-24,1803.760010,1918.119995,1787.949951,1906.000000,1906.000000,1626400
2007-12-01,1907.949951,1972.369995,1888.079956,1934.319946,1934.319946,1586400
2007-12-08,1930.359985,1937.500000,1877.270020,1895.050049,1895.050049,1490000
2007-12-15,1873.150024,1886.390015,1808.859985,1878.319946,1878.319946,1321200
2007-12-22,1899.199951,1926.089966,1890.810059,1897.130005,1897.130005,1041000
2007-12-29,1891.449951,1892.500000,1821.609985,1863.900024,1863.900024,798200
2008-01-05,1815.729980,1855.069946,1776.260010,1782.270020,1782.270020,1436400
2008-01-12,1781.000000,1790.689941,1684.390015,1734.719971,1734.719971,1422600
2008-01-19,1723.949951,1724.390015,1578.369995,1692.410034,1692.410034,1415600
2008-01-26,1668.069946,1674.469971,1570.869995,1634.530029,1634.530029,1554200
2008-02-02,1655.780029,1697.989990,1655.780029,1696.569946,1696.569946,586600
2008-02-09,1648.510010,1697.449951,1629.569946,1694.770020,1694.770020,1832200
2008-02-16,1701.750000,1722.709961,1670.689941,1686.449951,1686.449951,1580800
2008-02-23,1701.750000,1739.599976,1701.640015,1711.619995,1711.619995,1461600
2008-03-01,1676.300049,1705.969971,1650.739990,1663.969971,1663.969971,1441600
2008-03-08,1634.420044,1687.630005,1578.449951,1600.260010,1600.260010,1528800
2008-03-15,1588.530029,1645.780029,1537.530029,1645.689941,1645.689941,1348800
2008-03-22,1653.819946,1704.280029,1645.890015,1701.829956,1701.829956,1466400
2008-03-29,1705.170044,1768.060059,1685.189941,1766.489990,1766.489990,1448200
2008-04-05,1769.739990,1786.569946,1735.780029,1779.709961,1779.709961,1029400
2008-04-12,1746.880005,1783.849976,1734.130005,1771.900024,1771.900024,1250600
2008-04-19,1793.189941,1825.829956,1784.229980,1824.680054,1824.680054,1809000
2008-04-26,1829.449951,1851.640015,1803.079956,1848.270020,1848.270020,1154600
2008-05-03,1849.810059,1868.089966,1818.270020,1823.699951,1823.699951,1286200
2008-05-10,1829.369995,1899.569946,1813.979980,1888.880005,1888.880005,1279000
2008-05-17,1893.540039,1901.130005,1810.680054,1827.939941,1827.939941,1664000
2008-05-24,1813.630005,1852.359985,1791.400024,1852.020020,1852.020020,1427800
2008-05-31,1848.300049,1853.500000,1813.119995,1832.310059,1832.310059,1004000
2008-06-07,1787.900024,1814.060059,1730.250000,1747.349976,1747.349976,1636400
2008-06-14,1763.859985,1775.109985,1723.410034,1731.000000,1731.000000,1785400
2008-06-21,1705.609985,1734.859985,1669.689941,1684.449951,1684.449951,1626200
2008-06-28,1682.859985,1689.609985,1574.599976,1577.939941,1577.939941,1474800
2008-07-05,1568.250000,1583.489990,1495.439941,1567.510010,1567.510010,1591600
2008-07-12,1562.880005,1581.699951,1488.750000,1509.989990,1509.989990,1475200
2008-07-19,1530.680054,1627.869995,1530.050049,1597.930054,1597.930054,1513800
2008-07-26,1609.569946,1611.150024,1542.890015,1573.770020,1573.770020,1243600
2008-08-02,1567.010010,1582.510010,1531.520020,1568.719971,1568.719971,1208000
2008-08-09,1592.300049,1597.310059,1553.650024,1572.189941,1572.189941,248323800
2008-08-16,1579.130005,1582.760010,1477.550049,1496.910034,1496.910034,261715200
2008-08-23,1505.130005,1510.979980,1466.459961,1474.239990,1474.239990,1110800
2008-08-30,1453.140015,1456.689941,1392.550049,1404.380005,1404.380005,1728200
2008-09-06,1437.589966,1481.410034,1430.050049,1477.920044,1477.920044,1938600
2008-09-13,1381.239990,1464.589966,1366.880005,1455.780029,1455.780029,1672600
2008-09-20,1472.079956,1503.829956,1445.500000,1476.329956,1476.329956,2148200
2008-09-27,1491.109985,1496.300049,1376.719971,1419.650024,1419.650024,1410800
2008-10-04,1389.680054,1389.680054,1178.510010,1241.469971,1241.469971,2005800
2008-10-11,1272.949951,1367.699951,1166.880005,1180.670044,1180.670044,2022200
2008-10-18,1195.900024,1232.729980,925.570007,938.750000,938.750000,1981400
2008-10-25,937.179993,1158.660034,892.159973,1113.060059,1113.060059,3439800
2008-11-01,1117.130005,1217.819946,1038.719971,1134.489990,1134.489990,3466000
2008-11-08,1152.260010,1165.569946,1040.339966,1088.260010,1088.260010,2931000
2008-11-15,1074.329956,1104.660034,914.020020,1003.729980,1003.729980,2221400
2008-11-22,996.229980,1084.030029,966.280029,1076.069946,1076.069946,2584600
2008-11-29,1074.000000,1083.010010,997.000000,1028.130005,1028.130005,2323000
2008-12-06,1041.410034,1166.270020,1037.640015,1103.819946,1103.819946,2781800
2008-12-13,1138.420044,1196.369995,1137.050049,1180.969971,1180.969971,3000800
2008-12-20,1189.849976,1201.140015,1108.859985,1117.859985,1117.859985,1636400
2008-12-27,1109.400024,1157.400024,1084.260010,1157.400024,1157.400024,1010200
2009-01-03,1180.979980,1228.560059,1166.660034,1180.959961,1180.959961,2342400
2009-01-10,1170.689941,1184.520020,1108.150024,1135.199951,1135.199951,1794200
2009-01-17,1146.089966,1159.880005,1085.719971,1093.400024,1093.400024,1638400
2009-01-24,1123.229980,1179.150024,1122.329956,1162.109985,1162.109985,1106800
2009-01-31,1145.869995,1210.260010,1136.369995,1210.260010,1210.260010,2206000
2009-02-07,1224.439941,1227.729980,1162.569946,1192.439941,1192.439941,2476400
2009-02-14,1183.520020,1199.500000,1056.339966,1065.949951,1065.949951,2882600
2009-02-21,1058.540039,1100.449951,1036.670044,1063.030029,1063.030029,2780600
2009-02-28,1044.280029,1074.560059,992.690002,1055.030029,1055.030029,2423400
2009-03-07,1068.979980,1147.829956,1052.410034,1126.030029,1126.030029,2689000
2009-03-14,1126.089966,1186.910034,1119.329956,1170.939941,1170.939941,2589600
2009-03-21,1179.599976,1256.699951,1179.130005,1237.510010,1237.510010,2756000
2009-03-28,1239.800049,1292.599976,1196.319946,1283.750000,1283.750000,2960600
2009-04-04,1292.420044,1355.689941,1260.729980,1336.040039,1336.040039,4012600
2009-04-11,1341.739990,1371.280029,1305.160034,1329.000000,1329.000000,4087200
2009-04-18,1331.760010,1375.800049,1303.219971,1354.099976,1354.099976,3352800
2009-04-25,1358.199951,1377.819946,1298.859985,1369.359985,1369.359985,2711400
2009-05-02,1386.020020,1415.479980,1381.119995,1412.130005,1412.130005,2988800
2009-05-09,1416.420044,1420.310059,1380.910034,1391.729980,1391.729980,3568800
2009-05-16,1385.709961,1436.920044,1366.579956,1403.750000,1403.750000,3560400
2009-05-23,1393.989990,1414.140015,1315.209961,1395.890015,1395.890015,3430600
2009-05-30,1394.920044,1437.760010,1373.239990,1394.709961,1394.709961,3061400
2009-06-06,1394.229980,1436.229980,1371.520020,1428.589966,1428.589966,2478800
2009-06-13,1427.750000,1427.750000,1369.760010,1383.339966,1383.339966,2324200
2009-06-20,1381.849976,1404.010010,1350.310059,1394.530029,1394.530029,2199400
2009-06-27,1399.640015,1420.040039,1381.089966,1420.040039,1420.040039,2256400
2009-07-04,1419.170044,1443.810059,1412.680054,1428.619995,1428.619995,2153600
2009-07-11,1426.310059,1445.599976,1377.599976,1440.099976,1440.099976,2091200
2009-07-18,1447.849976,1510.819946,1447.109985,1502.589966,1502.589966,2695600
2009-07-25,1510.750000,1559.069946,1505.849976,1557.290039,1557.290039,2314000
2009-08-01,1561.939941,1586.119995,1546.500000,1576.000000,1576.000000,2537600
2009-08-08,1585.349976,1594.459961,1552.510010,1591.410034,1591.410034,2732600
2009-08-15,1588.729980,1590.150024,1530.650024,1580.979980,1580.979980,2679400
2009-08-22,1604.310059,1616.290039,1590.979980,1607.939941,1607.939941,2331000
2009-08-29,1607.609985,1624.339966,1580.280029,1608.900024,1608.900024,2532000
2009-09-05,1618.790039,1653.770020,1601.040039,1651.699951,1651.699951,2542000
2009-09-12,1653.170044,1713.219971,1628.959961,1699.709961,1699.709961,2569600
2009-09-19,1700.560059,1723.170044,1662.520020,1691.479980,1691.479980,2278800
2009-09-26,1678.569946,1704.239990,1629.550049,1644.630005,1644.630005,1400600
2009-10-03,1622.099976,1648.979980,1590.469971,1646.790039,1646.790039,1934400
2009-10-10,1660.189941,1672.079956,1614.459961,1640.359985,1640.359985,1983800
2009-10-17,1633.339966,1665.650024,1614.849976,1640.170044,1640.170044,1761000
2009-10-24,1634.329956,1663.030029,1564.410034,1580.689941,1580.689941,1660200
2009-10-31,1543.239990,1579.930054,1543.239990,1572.459961,1572.459961,1286600
2009-11-07,1577.920044,1603.010010,1561.930054,1571.989990,1571.989990,1325400
2009-11-14,1577.630005,1624.900024,1566.829956,1620.599976,1620.599976,1073400
2009-11-21,1623.800049,1630.410034,1519.400024,1524.500000,1524.500000,1602000
2009-11-28,1547.650024,1629.800049,1541.089966,1624.760010,1624.760010,1496600
2009-12-05,1633.300049,1664.050049,1609.810059,1656.900024,1656.900024,1879800
2009-12-12,1662.739990,1670.099976,1632.089966,1647.040039,1647.040039,1783000
2009-12-19,1646.319946,1687.079956,1637.229980,1682.339966,1682.339966,1456200
2009-12-26,1695.189941,1695.329956,1661.109985,1682.770020,1682.770020,1031200
2010-01-02,1681.709961,1707.900024,1668.839966,1695.260010,1695.260010,1969400
2010-01-09,1700.790039,1705.729980,1671.109985,1701.800049,1701.800049,1996800
2010-01-16,1696.140015,1723.219971,1665.599976,1684.349976,1684.349976,2654600
2010-01-23,1662.770020,1681.829956,1595.390015,1602.430054,1602.430054,2559000
2010-01-30,1603.869995,1619.369995,1560.989990,1567.119995,1567.119995,2110000
2010-02-06,1565.239990,1600.410034,1548.780029,1593.660034,1593.660034,1998800
2010-02-13,1589.969971,1631.709961,1586.869995,1593.900024,1593.900024,1317200
2010-02-20,1617.160034,1630.510010,1580.699951,1594.579956,1594.579956,1782400
2010-02-27,1612.430054,1634.569946,1608.969971,1634.569946,1634.569946,1544000
2010-03-06,1653.540039,1672.479980,1649.670044,1662.739990,1662.739990,2397200
2010-03-13,1663.859985,1687.699951,1642.859985,1686.109985,1686.109985,2334600
2010-03-20,1678.510010,1699.939941,1664.880005,1697.719971,1697.719971,1915200
2010-03-27,1681.989990,1725.390015,1681.439941,1723.489990,1723.489990,1635200
2010-04-03,1728.270020,1737.449951,1710.109985,1724.469971,1724.469971,2055600
2010-04-10,1730.369995,1747.380005,1699.579956,1734.489990,1734.489990,2059400
2010-04-17,1708.390015,1748.459961,1700.689941,1737.030029,1737.030029,2406800
2010-04-24,1745.979980,1757.760010,1714.530029,1741.560059,1741.560059,2105800
2010-05-01,1735.680054,1740.150024,1625.829956,1647.500000,1647.500000,1697800
2010-05-08,1661.609985,1700.000000,1654.410034,1695.630005,1695.630005,2119000
2010-05-15,1668.569946,1673.010010,1591.930054,1600.180054,1600.180054,1667800
2010-05-22,1589.829956,1630.180054,1532.680054,1622.780029,1622.780029,1772000
2010-05-29,1625.079956,1670.939941,1621.089966,1664.130005,1664.130005,1204600
2010-06-05,1628.060059,1681.699951,1618.569946,1675.339966,1675.339966,1567200
2010-06-12,1683.290039,1712.349976,1681.949951,1711.949951,1711.949951,1379800
2010-06-19,1728.369995,1741.479980,1719.079956,1729.839966,1729.839966,1779600
2010-06-26,1734.530029,1739.969971,1664.540039,1671.819946,1671.819946,1739200
2010-07-03,1675.430054,1723.140015,1650.300049,1723.010010,1723.010010,1833600
2010-07-10,1731.729980,1764.810059,1724.599976,1738.449951,1738.449951,2058800
2010-07-17,1719.140015,1760.619995,1717.969971,1758.060059,1758.060059,1739200
2010-07-24,1760.099976,1778.719971,1754.579956,1759.329956,1759.329956,1725000
2010-07-31,1771.380005,1797.420044,1767.599976,1783.829956,1783.829956,1688800
2010-08-07,1779.380005,1794.550049,1721.750000,1746.239990,1746.239990,1608600
2010-08-14,1735.359985,1781.069946,1716.859985,1775.540039,1775.540039,1817400
2010-08-21,1780.589966,1788.709961,1719.199951,1729.560059,1729.560059,1622600
2010-08-28,1749.020020,1786.040039,1736.229980,1780.020020,1780.020020,1438200
2010-09-04,1791.760010,1808.180054,1770.780029,1802.579956,1802.579956,1668400
2010-09-11,1812.030029,1828.540039,1807.589966,1827.349976,1827.349976,1761400
2010-09-18,1821.520020,1846.599976,1818.599976,1846.599976,1846.599976,515800
2010-09-25,1856.420044,1884.000000,1851.969971,1876.729980,1876.729980,1814000
2010-10-02,1884.489990,1906.020020,1868.890015,1897.069946,1897.069946,1891400
2010-10-09,1908.550049,1909.010010,1857.930054,1902.290039,1902.290039,1715400
2010-10-16,1904.569946,1904.790039,1837.079956,1897.310059,1897.310059,1920400
2010-10-23,1902.510010,1924.609985,1875.310059,1882.949951,1882.949951,1869200
2010-10-30,1889.569946,1966.989990,1880.250000,1938.959961,1938.959961,1414000
2010-11-06,1946.760010,1976.459961,1899.489990,1913.119995,1913.119995,1748800
2010-11-13,1918.689941,1940.959961,1875.339966,1940.959961,1940.959961,1467600
2010-11-20,1947.010010,1954.780029,1882.520020,1901.800049,1901.800049,1930600
2010-11-27,1904.949951,1960.609985,1880.579956,1957.260010,1957.260010,1923400
2010-12-04,1961.229980,1991.959961,1946.349976,1986.140015,1986.140015,2401000
2010-12-11,1993.420044,2027.550049,1983.930054,2026.300049,2026.300049,2127800
2010-12-18,2008.140015,2045.390015,1996.439941,2029.599976,2029.599976,1763400
2010-12-25,2024.560059,2052.969971,2018.750000,2051.000000,2051.000000,1222200
2011-01-01,2063.689941,2096.649902,2054.830078,2086.199951,2086.199951,1881400
2011-01-08,2082.290039,2109.340088,2059.669922,2108.169922,2108.169922,2020600
2011-01-15,2112.370117,2119.239990,2066.820068,2069.919922,2069.919922,2028200
2011-01-22,2067.320068,2121.060059,2064.000000,2107.870117,2107.870117,1859400
2011-01-29,2080.600098,2089.719971,2069.729980,2072.030029,2072.030029,611800
2011-02-05,2102.760010,2107.830078,1975.469971,1977.189941,1977.189941,1546600
2011-02-12,1999.089966,2021.689941,1959.709961,2013.140015,2013.140015,1411400
2011-02-19,2014.150024,2014.979980,1941.150024,1963.430054,1963.430054,1567200
2011-02-26,1954.400024,2008.890015,1921.339966,2004.680054,2004.680054,1090800
2011-03-05,1996.479980,2016.680054,1949.319946,1955.540039,1955.540039,1431800
2011-03-12,1949.079956,1988.040039,1882.089966,1981.130005,1981.130005,1673800
2011-03-19,1985.469971,2060.290039,1985.150024,2054.040039,2054.040039,1515600
2011-03-26,2054.280029,2121.020020,2043.989990,2121.010010,2121.010010,1508400
2011-04-02,2124.370117,2136.290039,2103.820068,2127.969971,2127.969971,1828000
2011-04-09,2127.199951,2142.709961,2081.979980,2140.500000,2140.500000,1703600
2011-04-16,2146.830078,2211.360107,2111.600098,2197.820068,2197.820068,1914400
2011-04-23,2205.199951,2231.469971,2177.800049,2192.360107,2192.360107,1935600
2011-04-30,2203.090088,2229.090088,2133.969971,2147.449951,2147.449951,1415600
2011-05-07,2157.949951,2166.629883,2103.060059,2120.080078,2120.080078,1411200
2011-05-14,2104.669922,2143.409912,2084.060059,2111.500000,2111.500000,1400600
2011-05-21,2100.439941,2111.360107,2030.680054,2100.239990,2100.239990,1476000
2011-05-28,2115.270020,2152.949951,2085.750000,2113.469971,2113.469971,1324200
2011-06-04,2093.449951,2109.110107,2045.239990,2046.670044,2046.670044,1077400
2011-06-11,2030.540039,2091.000000,2008.839966,2031.930054,2031.930054,1173800
2011-06-18,2034.349976,2090.820068,2015.859985,2090.810059,2090.810059,1325400
2011-06-25,2076.010010,2131.669922,2058.399902,2125.739990,2125.739990,1362000
2011-07-02,2143.239990,2192.830078,2141.979980,2180.350098,2180.350098,1529800
2011-07-09,2167.939941,2171.290039,2105.239990,2145.199951,2145.199951,1412600
2011-07-16,2149.969971,2171.239990,2121.729980,2171.229980,2171.229980,1781800
2011-07-23,2154.000000,2174.729980,2133.209961,2133.209961,2133.209961,1597600
2011-07-30,2160.090088,2173.280029,1920.670044,1943.750000,1943.750000,1885000
2011-08-06,1916.569946,1939.920044,1684.680054,1793.310059,1793.310059,2650200
2011-08-13,1850.530029,1906.609985,1744.859985,1744.880005,1744.880005,1861600
2011-08-20,1756.589966,1803.770020,1704.540039,1778.949951,1778.949951,1970400
2011-08-27,1807.599976,1928.400024,1787.290039,1867.750000,1867.750000,2185600
2011-09-03,1829.300049,1858.050049,1744.030029,1812.930054,1812.930054,2085800
2011-09-10,1804.089966,1844.520020,1742.910034,1840.099976,1840.099976,1161800
2011-09-17,1818.900024,1869.770020,1697.390015,1697.439941,1697.439941,1661600
2011-09-24,1720.500000,1774.290039,1644.109985,1769.650024,1769.650024,1836600
2011-10-01,1683.939941,1765.430054,1658.060059,1759.770020,1759.770020,1626800
2011-10-08,1810.359985,1839.189941,1778.969971,1835.400024,1835.400024,1536000
2011-10-15,1855.719971,1870.500000,1804.109985,1838.380005,1838.380005,1735600
2011-10-22,1858.260010,1963.739990,1858.229980,1929.479980,1929.479980,2040600
2011-10-29,1922.310059,1941.319946,1859.829956,1928.410034,1928.410034,2040000
2011-11-05,1932.949951,1932.949951,1813.250000,1863.449951,1863.449951,1886400
2011-11-12,1889.329956,1911.329956,1832.170044,1839.170044,1839.170044,1786600
2011-11-19,1833.900024,1833.900024,1766.729980,1776.400024,1776.400024,1569000
2011-11-26,1804.800049,1926.329956,1795.390015,1916.040039,1916.040039,1831600
2011-12-03,1928.459961,1929.180054,1872.670044,1874.750000,1874.750000,1916200
2011-12-10,1902.750000,1903.189941,1817.609985,1839.959961,1839.959961,2161200
2011-12-17,1829.489990,1872.310059,1750.599976,1867.219971,1867.219971,2464000
2011-12-24,1873.069946,1873.790039,1806.880005,1825.739990,1825.739990,1688000
2011-12-31,1831.689941,1884.689941,1814.550049,1843.140015,1843.140015,2267800
2012-01-07,1832.040039,1881.839966,1810.479980,1875.680054,1875.680054,2183600
2012-01-14,1860.770020,1952.089966,1843.859985,1949.890015,1949.890015,2031200
2012-01-21,1947.739990,1973.349976,1945.140015,1964.829956,1964.829956,1233000
2012-01-28,1956.630005,1993.880005,1936.140015,1972.339966,1972.339966,2558600
2012-02-04,1994.209961,2014.619995,1964.770020,1993.709961,1993.709961,2905000
2012-02-11,2000.660034,2031.400024,1991.280029,2023.469971,2023.469971,3077600
2012-02-18,2041.510010,2047.430054,1998.390015,2019.890015,2019.890015,3735000
2012-02-25,2013.609985,2046.819946,1987.739990,2034.630005,2034.630005,2289800
2012-03-03,2028.969971,2030.569946,1966.689941,2018.300049,2018.300049,2486400
2012-03-10,2018.729980,2057.280029,2001.500000,2034.439941,2034.439941,2306000
2012-03-17,2040.069946,2055.340088,2013.719971,2026.829956,2026.829956,2661800
2012-03-24,2035.170044,2043.750000,2002.609985,2014.040039,2014.040039,2497400
2012-03-31,2022.420044,2051.800049,1997.119995,2029.030029,2029.030029,2710600
2012-04-07,2008.030029,2011.369995,1969.089966,2008.910034,2008.910034,1897400
2012-04-14,1985.280029,2014.949951,1970.540039,1974.650024,1974.650024,2212200
2012-04-21,1971.390015,1983.260010,1954.010010,1975.349976,1975.349976,2990000
2012-04-28,1989.520020,2001.109985,1975.459961,1989.150024,1989.150024,2785400
2012-05-05,1956.060059,1969.640015,1915.689941,1917.130005,1917.130005,2455200
2012-05-12,1917.260010,1921.650024,1779.469971,1782.459961,1782.459961,2341800
2012-05-19,1801.479980,1831.780029,1788.329956,1824.170044,1824.170044,2084600
2012-05-26,1821.630005,1851.939941,1813.010010,1834.510010,1834.510010,1527400
2012-06-02,1782.579956,1854.589966,1776.849976,1835.640015,1835.640015,1517000
2012-06-09,1860.900024,1871.479980,1840.099976,1858.160034,1858.160034,2241000
2012-06-16,1892.910034,1908.189941,1843.569946,1847.390015,1847.390015,1816000
2012-06-23,1842.760010,1854.010010,1795.160034,1854.010010,1854.010010,1554000
2012-06-30,1864.729980,1881.680054,1850.099976,1858.199951,1858.199951,1622800
2012-07-07,1840.300049,1845.939941,1773.670044,1812.890015,1812.890015,1656800
2012-07-14,1820.339966,1835.640015,1790.359985,1822.930054,1822.930054,2036400
2012-07-21,1799.239990,1829.160034,1758.989990,1829.160034,1829.160034,2268000
2012-07-28,1847.010010,1896.829956,1841.400024,1848.680054,1848.680054,1516000
2012-08-04,1883.619995,1948.050049,1881.660034,1946.400024,1946.400024,1878200
2012-08-11,1945.329956,1964.069946,1932.400024,1946.540039,1946.540039,1496800
2012-08-18,1944.670044,1961.069946,1913.750000,1919.810059,1919.810059,2424200
2012-08-25,1909.020020,1931.000000,1896.839966,1905.119995,1905.119995,3184400
2012-09-01,1909.060059,1929.579956,1873.489990,1929.579956,1929.579956,3453400
2012-09-08,1934.630005,2008.969971,1912.469971,2007.579956,2007.579956,4054800
2012-09-15,2005.540039,2012.739990,1987.939941,2002.369995,2002.369995,3964400
2012-09-22,1996.420044,2005.449951,1968.849976,1996.209961,1996.209961,3593800
2012-09-29,1998.520020,2007.839966,1983.030029,1995.170044,1995.170044,1774400
2012-10-06,1994.050049,1994.050049,1919.819946,1933.260010,1933.260010,2337600
2012-10-13,1927.819946,1965.530029,1921.319946,1943.839966,1943.839966,2484400
2012-10-20,1910.979980,1944.380005,1890.150024,1891.430054,1891.430054,2437400
2012-10-27,1901.829956,1921.979980,1884.770020,1918.719971,1918.719971,1946800
2012-11-03,1905.459961,1937.550049,1879.060059,1904.410034,1904.410034,2741800
2012-11-10,1899.300049,1904.969971,1856.810059,1860.829956,1860.829956,2417800
2012-11-17,1869.760010,1911.329956,1869.229980,1911.329956,1911.329956,1845400
2012-11-24,1918.010010,1941.839966,1905.949951,1932.900024,1932.900024,2000000
2012-12-01,1937.280029,1963.060059,1928.089966,1957.449951,1957.449951,1861000
2012-12-08,1965.709961,2002.780029,1955.390015,1995.040039,1995.040039,2004000
2012-12-15,1993.180054,2006.079956,1976.089966,1980.420044,1980.420044,1796400
2012-12-22,1984.180054,2002.670044,1971.530029,1997.050049,1997.050049,1485200
2012-12-29,2013.739990,2042.479980,2001.530029,2011.939941,2011.939941,1233800
2013-01-05,2012.150024,2017.920044,1984.160034,1996.670044,1996.670044,2611000
2013-01-12,1993.819946,2016.369995,1964.619995,1987.849976,1987.849976,2870800
2013-01-19,1987.959961,2008.060059,1934.890015,1946.689941,1946.689941,2451600
2013-01-26,1940.329956,1967.290039,1930.369995,1957.790039,1957.790039,2123000
2013-02-02,1968.949951,1969.130005,1928.750000,1950.900024,1950.900024,1764600
2013-02-09,1958.459961,1986.140015,1943.630005,1981.180054,1981.180054,1573200
2013-02-16,1979.420044,2029.439941,1973.650024,2018.890015,2018.890015,1973000
2013-02-23,2022.510010,2030.849976,1991.959961,2026.489990,2026.489990,1610600
2013-03-02,2028.550049,2033.890015,1994.250000,2006.010010,2006.010010,1943200
2013-03-09,2000.569946,2009.709961,1978.569946,1986.500000,1986.500000,1779800
2013-03-16,1974.709961,1989.459961,1946.050049,1948.709961,1948.709961,1486200
2013-03-23,1968.849976,2013.209961,1968.140015,2004.890015,2004.890015,1646800
2013-03-30,2009.939941,2010.150024,1916.770020,1927.229980,1927.229980,1949800
2013-04-06,1927.040039,1956.209961,1901.959961,1924.229980,1924.229980,1784200
2013-04-13,1916.060059,1934.819946,1888.300049,1906.750000,1906.750000,1815800
2013-04-20,1903.969971,1951.859985,1901.979980,1944.560059,1944.560059,1475600
2013-04-27,1948.869995,1968.040039,1934.680054,1965.709961,1965.709961,1331200
2013-05-04,1977.439941,1983.640015,1944.750000,1944.750000,1944.750000,1549200
2013-05-11,1936.859985,1991.979980,1935.569946,1986.810059,1986.810059,1149200
2013-05-18,1990.359985,1998.699951,1961.589966,1973.449951,1973.449951,1463200
2013-05-25,1974.589966,2013.290039,1971.530029,2001.050049,2001.050049,1763200
2013-06-01,1993.109985,2000.560059,1923.839966,1923.849976,1923.849976,1350200
2013-06-08,1927.189941,1934.920044,1881.239990,1889.239990,1889.239990,1399000
2013-06-15,1889.449951,1900.630005,1806.020020,1822.829956,1822.829956,1469000
2013-06-22,1821.219971,1864.089966,1770.530029,1863.319946,1863.319946,1387400
2013-06-29,1851.569946,1867.180054,1823.099976,1833.310059,1833.310059,1708400
2013-07-06,1830.810059,1877.599976,1809.719971,1869.979980,1869.979980,1427000
2013-07-13,1870.260010,1894.699951,1847.819946,1871.410034,1871.410034,1716200
2013-07-20,1880.810059,1915.969971,1873.170044,1910.810059,1910.810059,1663800
2013-07-27,1908.660034,1939.280029,1899.020020,1923.380005,1923.380005,1722900
2013-08-03,1920.829956,1925.599976,1876.069946,1880.709961,1880.709961,1462700
2013-08-10,1878.500000,1927.589966,1878.329956,1920.109985,1920.109985,1371900
2013-08-17,1917.319946,1923.420044,1838.520020,1870.160034,1870.160034,1864600
2013-08-24,1876.589966,1926.369995,1861.560059,1926.359985,1926.359985,1706600
2013-08-31,1925.319946,1962.150024,1921.010010,1955.310059,1955.310059,1440000
2013-09-07,1964.089966,2017.479980,1962.619995,1994.319946,1994.319946,1447700
2013-09-14,2011.689941,2018.020020,1994.310059,2005.579956,2005.579956,513200
2013-09-21,2000.719971,2016.339966,1988.869995,2011.800049,2011.800049,1391600
2013-09-28,2002.020020,2012.819946,1985.630005,1996.979980,1996.979980,1053500
2013-10-05,1997.170044,2028.109985,1981.209961,2024.900024,2024.900024,1056400
2013-10-12,2026.069946,2052.439941,2019.650024,2052.399902,2052.399902,1286300
2013-10-19,2054.159912,2063.280029,2023.819946,2034.390015,2034.390015,1518400
2013-10-26,2037.280029,2059.580078,2030.089966,2039.420044,2039.420044,1377300
2013-11-02,2035.079956,2035.839966,1984.859985,1984.869995,1984.869995,1364900
2013-11-09,1995.859985,2006.310059,1963.420044,2005.640015,2005.640015,1372900
2013-11-16,2014.239990,2033.910034,1985.650024,2006.229980,2006.229980,1695300
2013-11-23,2020.000000,2050.699951,1998.900024,2044.869995,2044.869995,1376600
2013-11-30,2050.449951,2052.879883,1971.439941,1980.410034,1980.410034,1174500
2013-12-07,2000.520020,2003.969971,1947.439941,1962.910034,1962.910034,1151900
2013-12-14,1960.599976,1997.020020,1956.630005,1983.349976,1983.349976,1229000
2013-12-21,1993.449951,2009.959961,1987.579956,2002.280029,2002.280029,876000
2013-12-28,2004.319946,2013.890015,1936.150024,1946.140015,1946.140015,568500
2014-01-04,1947.619995,1966.949951,1931.160034,1938.540039,1938.540039,1143100
2014-01-11,1947.380005,1965.270020,1939.310059,1944.479980,1944.479980,1403400
2014-01-18,1945.989990,1970.420044,1924.489990,1940.560059,1940.560059,1041800
2014-01-25,1905.910034,1941.709961,1899.760010,1941.150024,1941.150024,830800
2014-02-01,1930.089966,1931.810059,1885.530029,1922.500000,1922.500000,1257000
2014-02-08,1928.130005,1946.810059,1916.400024,1940.280029,1940.280029,1064300
2014-02-15,1951.739990,1957.829956,1927.530029,1957.829956,1957.829956,1078100
2014-02-22,1958.060059,1981.150024,1943.859985,1979.989990,1979.989990,1082800
2014-03-01,1967.900024,1983.530029,1952.609985,1974.680054,1974.680054,1046000
2014-03-08,1967.630005,1967.660034,1913.640015,1919.900024,1919.900024,1305900
2014-03-15,1921.150024,1948.150024,1919.369995,1934.939941,1934.939941,962700
2014-03-22,1937.060059,1985.500000,1936.619995,1981.000000,1981.000000,1165100
2014-03-29,1988.729980,2007.880005,1973.050049,1988.089966,1988.089966,1127800
2014-04-05,1984.290039,2008.979980,1977.609985,1997.439941,1997.439941,1088700
2014-04-12,1993.810059,2009.040039,1984.979980,2004.280029,2004.280029,831900
2014-04-19,2006.209961,2013.089966,1971.660034,1971.660034,1971.660034,1102800
2014-04-26,1969.040039,1976.560059,1955.150024,1959.439941,1959.439941,753200
2014-05-03,1964.189941,1964.189941,1934.719971,1956.550049,1956.550049,620600
2014-05-10,1956.260010,2015.369995,1950.910034,2013.439941,2013.439941,1169600
2014-05-17,2013.790039,2022.589966,2001.739990,2017.170044,2017.170044,1210900
2014-05-24,2016.209961,2021.959961,1988.439941,1994.959961,1994.959961,1104900
2014-05-31,1998.810059,2008.560059,1986.949951,1995.479980,1995.479980,754400
2014-06-07,2004.729980,2016.780029,1984.040039,1990.849976,1990.849976,1157500
2014-06-14,1986.859985,2002.959961,1965.119995,1968.069946,1968.069946,1177700
2014-06-21,1975.099976,1998.310059,1971.609985,1988.510010,1988.510010,1311300
2014-06-28,1996.130005,2018.349976,1987.890015,2009.660034,2009.660034,1259800
2014-07-05,2007.530029,2009.319946,1985.530029,1988.739990,1988.739990,1365000
2014-07-12,1998.260010,2025.410034,1993.569946,2019.420044,2019.420044,1574000
2014-07-19,2028.020020,2036.199951,2016.420044,2033.849976,2033.849976,1500400
2014-07-26,2035.959961,2093.080078,2035.959961,2073.100098,2073.100098,1756800
2014-08-02,2080.770020,2083.050049,2026.560059,2031.099976,2031.099976,1625000
2014-08-09,2048.179932,2073.419922,2037.800049,2063.219971,2063.219971,1150100
2014-08-16,2070.949951,2082.209961,2041.910034,2056.699951,2056.699951,1528600
2014-08-23,2049.159912,2088.860107,2044.199951,2068.540039,2068.540039,1505800
2014-08-30,2067.800049,2072.590088,2040.439941,2049.409912,2049.409912,1653400
2014-09-06,2046.969971,2052.159912,2034.130005,2041.859985,2041.859985,696100
2014-09-13,2039.030029,2063.260010,2028.800049,2053.820068,2053.820068,1807000
2014-09-20,2053.300049,2053.300049,2018.699951,2031.640015,2031.640015,1723200
2014-09-27,2035.930054,2036.439941,1966.170044,1976.160034,1976.160034,1336700
2014-10-04,1987.890015,1988.390015,1931.880005,1940.920044,1940.920044,1262300
2014-10-11,1919.479980,1940.209961,1896.540039,1900.660034,1900.660034,1630400
2014-10-18,1918.839966,1944.449951,1911.030029,1925.689941,1925.689941,1941900
2014-10-25,1933.910034,1967.079956,1924.369995,1964.430054,1964.430054,1880400
2014-11-01,1959.660034,1961.040039,1923.050049,1939.869995,1939.869995,1684500
2014-11-08,1952.790039,1974.689941,1940.489990,1945.140015,1945.140015,1620600
2014-11-15,1941.829956,1974.410034,1935.949951,1964.839966,1964.839966,1493500
2014-11-22,1982.479980,1994.819946,1972.949951,1980.780029,1980.780029,1202600
2014-11-29,1971.949951,1989.170044,1954.400024,1986.619995,1986.619995,1472900
2014-12-06,1988.800049,1990.040039,1915.000000,1921.709961,1921.709961,1911300
2014-12-13,1903.119995,1930.079956,1881.729980,1929.979980,1929.979980,1600200
2014-12-20,1938.160034,1954.770020,1928.890015,1948.160034,1948.160034,1206200
2014-12-27,1937.270020,1941.329956,1909.670044,1926.439941,1926.439941,1037400
2015-01-03,1921.959961,1929.099976,1876.270020,1924.699951,1924.699951,1468600
2015-01-10,1918.180054,1925.680054,1885.619995,1888.130005,1888.130005,1513600
2015-01-17,1902.810059,1945.359985,1900.260010,1936.089966,1936.089966,1573600
2015-01-24,1928.260010,1964.130005,1924.140015,1949.260010,1949.260010,2031000
2015-01-31,1947.910034,1970.270020,1940.739990,1955.520020,1955.520020,1788300
2015-02-07,1949.500000,1957.500000,1932.750000,1957.500000,1957.500000,1632800
2015-02-14,1960.030029,1963.439941,1952.329956,1961.449951,1961.449951,655400
2015-02-21,1974.439941,1993.430054,1966.770020,1985.800049,1985.800049,1836800
2015-02-28,1996.719971,2013.729980,1988.329956,2012.939941,2012.939941,1959800
2015-03-07,2004.939941,2005.810059,1969.130005,1985.790039,1985.790039,1840300
2015-03-14,1985.589966,2047.130005,1982.260010,2037.239990,2037.239990,1857800
2015-03-21,2043.219971,2046.969971,2016.880005,2019.800049,2019.800049,1858400
2015-03-28,2026.599976,2046.900024,2018.119995,2045.420044,2045.420044,2692800
2015-04-04,2049.870117,2089.090088,2043.260010,2087.760010,2087.760010,2637700
2015-04-11,2094.100098,2144.760010,2088.820068,2143.500000,2143.500000,2603000
2015-04-18,2126.550049,2189.540039,2125.879883,2159.800049,2159.800049,2870200
2015-04-25,2169.139893,2169.139893,2121.290039,2127.169922,2127.169922,1774600
2015-05-02,2134.510010,2139.300049,2067.989990,2085.520020,2085.520020,1516400
2015-05-09,2106.120117,2134.360107,2088.639893,2106.500000,2106.500000,2021100
2015-05-16,2108.149902,2146.100098,2099.479980,2146.100098,2146.100098,2158500
2015-05-23,2146.469971,2148.699951,2103.639893,2114.800049,2114.800049,1692600
2015-05-30,2110.120117,2110.879883,2059.340088,2068.100098,2068.100098,2282900
2015-06-06,2068.510010,2080.030029,2044.869995,2052.169922,2052.169922,2088200
2015-06-13,2041.069946,2057.709961,2008.459961,2046.959961,2046.959961,1841300
2015-06-20,2059.600098,2097.010010,2050.300049,2090.260010,2090.260010,2066300
2015-06-27,2056.439941,2110.810059,2049.439941,2104.409912,2104.409912,2352600
2015-07-04,2076.060059,2089.860107,1983.780029,2031.170044,2031.170044,2219700
2015-07-11,2033.250000,2101.219971,2030.209961,2076.790039,2076.790039,3065600
2015-07-18,2077.090088,2088.239990,2040.300049,2045.959961,2045.959961,4110600
2015-07-25,2034.819946,2055.949951,2004.699951,2030.160034,2030.160034,2519800
2015-08-01,2026.250000,2038.410034,2001.130005,2010.229980,2010.229980,1741800
2015-08-08,2008.439941,2021.810059,1948.910034,1983.459961,1983.459961,1575600
2015-08-15,1991.050049,1991.050049,1856.910034,1876.069946,1876.069946,2451000
2015-08-22,1860.030029,1938.609985,1800.750000,1937.670044,1937.670044,2249700
2015-08-29,1934.119995,1941.489990,1879.939941,1886.040039,1886.040039,1675800
2015-09-05,1883.359985,1962.109985,1868.479980,1941.369995,1941.369995,2159600
2015-09-12,1947.650024,1996.469971,1921.449951,1995.949951,1995.949951,2372500
2015-09-19,1973.239990,1983.989990,1932.489990,1942.849976,1942.849976,3647700
2015-09-26,1915.459961,1986.010010,1915.040039,1969.680054,1969.680054,2257000
2015-10-03,1981.599976,2020.189941,1975.550049,2019.530029,2019.530029,2669900
2015-10-10,2022.329956,2038.060059,2002.630005,2030.260010,2030.260010,2934600
2015-10-17,2032.359985,2054.820068,2019.530029,2040.400024,2040.400024,3698600
2015-10-24,2049.409912,2064.719971,2027.800049,2029.469971,2029.469971,2173300
2015-10-31,2033.150024,2056.120117,2028.199951,2041.069946,2041.069946,2317300
2015-11-07,2038.589966,2038.589966,1969.709961,1973.290039,1973.290039,1871200
2015-11-14,1945.680054,1993.969971,1942.849976,1989.859985,1989.859985,2229100
2015-11-21,1995.920044,2038.719971,1992.859985,2028.989990,2028.989990,2128300
2015-11-28,2022.380005,2026.329956,1970.479980,1974.400024,1974.400024,2402900
2015-12-05,1987.619995,1988.040039,1940.400024,1948.619995,1948.619995,1924900
2015-12-12,1926.359985,1987.829956,1919.219971,1975.319946,1975.319946,2406800
2015-12-19,1974.260010,2009.989990,1968.140015,1990.650024,1990.650024,2123800
2015-12-26,1990.589966,1991.189941,1946.209961,1961.310059,1961.310059,1102500
2016-01-02,1954.469971,1954.520020,1883.819946,1917.619995,1917.619995,2223300
2016-01-09,1897.180054,1921.000000,1873.349976,1878.869995,1878.869995,1512500
2016-01-16,1856.030029,1889.900024,1830.060059,1879.430054,1879.430054,1861700
2016-01-23,1890.150024,1912.069946,1862.979980,1912.060059,1912.060059,1703900
2016-01-30,1919.619995,1926.109985,1882.750000,1917.790039,1917.790039,1932800
2016-02-06,1872.680054,1877.770020,1817.969971,1835.280029,1835.280029,856900
2016-02-13,1857.329956,1916.239990,1847.599976,1916.239990,1916.239990,1662300
2016-02-20,1911.560059,1929.530029,1905.849976,1920.160034,1920.160034,1462300
2016-02-27,1921.760010,1958.459961,1916.660034,1955.630005,1955.630005,1335900
2016-03-05,1961.260010,1976.189941,1935.550049,1971.410034,1971.410034,1714400
2016-03-12,1985.739990,2000.300049,1966.439941,1992.119995,1992.119995,1593600
2016-03-19,1999.250000,2003.119995,1981.170044,1983.810059,1983.810059,1415900
2016-03-26,1984.930054,2009.099976,1970.170044,1973.569946,1973.569946,1891700
2016-04-02,1974.729980,1980.430054,1954.109985,1972.050049,1972.050049,1924200
2016-04-09,1972.250000,2016.949951,1963.209961,2014.709961,2014.709961,1558000
2016-04-16,2001.349976,2023.770020,1998.489990,2015.489990,2015.489990,2037000
2016-04-23,2016.050049,2022.989990,1983.300049,1994.150024,1994.150024,2062000
2016-04-30,1991.839966,1991.839966,1969.219971,1976.709961,1976.709961,991400
2016-05-07,1974.520020,1989.170044,1962.770020,1966.989990,1966.989990,2081800
2016-05-14,1961.910034,1975.099976,1940.359985,1947.670044,1947.670044,2714600
2016-05-21,1954.260010,1971.270020,1937.670044,1969.170044,1969.170044,2655300
2016-05-28,1969.719971,1991.579956,1955.489990,1985.839966,1985.839966,2724900
2016-06-04,1993.079956,2035.270020,1992.770020,2017.630005,2017.630005,1983200
2016-06-11,2001.030029,2001.790039,1944.800049,1953.400024,1953.400024,2183800
2016-06-18,1974.430054,2001.550049,1892.750000,1925.239990,1925.239990,2562000
2016-06-25,1901.849976,1993.979980,1900.829956,1987.319946,1987.319946,2017000
2016-07-02,1989.439941,1997.369995,1944.329956,1963.099976,1963.099976,2066800
2016-07-09,1979.359985,2022.339966,1977.810059,2017.260010,2017.260010,1946100
2016-07-16,2018.219971,2023.219971,2002.660034,2010.339966,2010.339966,1789200
2016-07-23,2014.739990,2030.689941,2006.630005,2016.189941,2016.189941,1817800
2016-07-30,2024.709961,2031.579956,1993.000000,2017.939941,2017.939941,1881200
2016-08-06,2025.550049,2060.840088,2018.810059,2050.469971,2050.469971,1760900
2016-08-13,2056.000000,2063.090088,2032.530029,2056.239990,2056.239990,1512000
2016-08-20,2054.370117,2054.709961,2027.680054,2037.500000,2037.500000,1554700
2016-08-27,2028.640015,2049.989990,2016.469971,2038.310059,2038.310059,1739700
2016-09-03,2049.189941,2073.889893,2029.459961,2037.869995,2037.869995,2772100
2016-09-10,2003.670044,2013.030029,1991.469971,1999.359985,1999.359985,860300
2016-09-17,1997.430054,2060.260010,1997.099976,2054.070068,2054.070068,2263500
2016-09-24,2052.760010,2072.090088,2031.130005,2043.630005,2043.630005,2312700
2016-10-01,2056.939941,2070.429932,2036.869995,2053.800049,2053.800049,1371300
2016-10-08,2047.189941,2060.780029,2014.890015,2022.660034,2022.660034,1854700
2016-10-15,2028.930054,2050.510010,2011.810059,2033.000000,2033.000000,1497600
2016-10-22,2037.189941,2047.739990,2002.290039,2019.420044,2019.420044,1512700
2016-10-29,2011.290039,2016.010010,1973.579956,1982.020020,1982.020020,1556500
2016-11-05,1997.579956,2015.229980,1931.069946,1984.430054,1984.430054,1979700
2016-11-12,1982.930054,1988.650024,1967.209961,1974.579956,1974.579956,1613500
2016-11-19,1971.030029,1996.650024,1962.420044,1974.459961,1974.459961,1200400
2016-11-26,1976.579956,1989.079956,1966.420044,1970.609985,1970.609985,1122400
2016-12-03,1965.709961,2031.069946,1960.650024,2024.689941,2024.689941,1121300
2016-12-10,2031.949951,2044.420044,2020.969971,2042.239990,2042.239990,1647100
2016-12-17,2039.400024,2053.459961,2031.540039,2035.900024,2035.900024,1434700
2016-12-24,2038.329956,2044.430054,2016.250000,2026.459961,2026.459961,1005100
2016-12-31,2034.310059,2051.840088,2028.469971,2049.120117,2049.120117,1636300
2017-01-07,2053.179932,2087.139893,2039.500000,2076.790039,2076.790039,2320600
2017-01-14,2077.030029,2091.020020,2058.350098,2065.610107,2065.610107,2623700
2017-01-21,2067.620117,2088.600098,2058.590088,2083.590088,2083.590088,1327000
2017-01-28,2077.659912,2092.449951,2064.050049,2073.159912,2073.159912,1958900
2017-02-04,2085.729980,2088.370117,2052.290039,2075.080078,2075.080078,1404500
2017-02-11,2074.939941,2092.590088,2068.159912,2080.580078,2080.580078,1592100
2017-02-18,2084.159912,2108.989990,2077.129883,2094.120117,2094.120117,1718200
2017-02-25,2095.469971,2112.580078,2072.090088,2078.750000,2078.750000,1604100
2017-03-04,2073.199951,2102.050049,2067.679932,2097.350098,2097.350098,1999700
2017-03-11,2102.370117,2164.590088,2100.909912,2164.580078,2164.580078,1827100
2017-03-18,2160.320068,2182.419922,2151.510010,2168.949951,2168.949951,1680500
2017-03-25,2161.169922,2174.159912,2153.139893,2160.229980,2160.229980,2501900
2017-04-01,2166.040039,2171.330078,2142.510010,2151.729980,2151.729980,2411000
2017-04-08,2148.830078,2148.830078,2117.820068,2134.879883,2134.879883,1787200
2017-04-15,2140.870117,2169.459961,2133.820068,2165.040039,2165.040039,1444700
2017-04-22,2175.500000,2217.040039,2166.830078,2205.439941,2205.439941,1702800
2017-04-29,2213.610107,2241.239990,2212.870117,2241.239990,2241.239990,557000
2017-05-06,2245.610107,2323.219971,2244.229980,2286.020020,2286.020020,1503500
2017-05-13,2288.229980,2309.000000,2267.080078,2288.479980,2288.479980,1813900
2017-05-20,2300.679932,2364.800049,2292.949951,2355.300049,2355.300049,1773000
2017-05-27,2362.590088,2372.649902,2332.159912,2371.719971,2371.719971,2117000
2017-06-03,2376.659912,2385.149902,2347.620117,2381.689941,2381.689941,1640300
2017-06-10,2370.689941,2387.290039,2350.370117,2361.830078,2361.830078,1706400
2017-06-17,2364.020020,2382.540039,2346.189941,2378.600098,2378.600098,1567400
2017-06-24,2381.090088,2402.800049,2377.879883,2391.790039,2391.790039,1833500
2017-07-01,2397.659912,2399.899902,2372.830078,2379.870117,2379.870117,1672400
2017-07-08,2386.300049,2422.260010,2378.040039,2414.629883,2414.629883,1397800
2017-07-15,2427.760010,2451.590088,2419.169922,2450.060059,2450.060059,1287900
2017-07-22,2451.409912,2453.169922,2399.060059,2400.989990,2400.989990,1589900
2017-07-29,2392.020020,2434.469971,2374.110107,2395.449951,2395.449951,1380400
2017-08-05,2402.570068,2412.129883,2310.199951,2319.709961,2319.709961,1333600
2017-08-12,2336.020020,2364.500000,2327.800049,2358.370117,2358.370117,941800
2017-08-19,2363.379883,2384.590088,2351.959961,2378.510010,2378.510010,1325200
2017-08-26,2376.379883,2383.459961,2332.850098,2357.689941,2357.689941,1300800
2017-09-02,2340.620117,2351.729980,2314.310059,2343.719971,2343.719971,1064700
2017-09-09,2354.860107,2386.070068,2354.350098,2386.070068,2386.070068,1509100
2017-09-16,2390.580078,2429.120117,2381.810059,2388.709961,2388.709961,1500300
2017-09-23,2388.770020,2394.469971,2365.340088,2394.469971,2394.469971,1240000
2017-09-30,null,null,null,null,null,null
2017-10-07,2425.629883,2479.729980,2421.100098,2473.620117,2473.620117,914500
2017-10-14,2483.169922,2490.939941,2468.669922,2489.540039,2489.540039,1217400
2017-10-21,2497.649902,2500.330078,2479.669922,2496.629883,2496.629883,2263700
2017-10-28,2513.870117,2561.629883,2497.419922,2557.969971,2557.969971,1838100
2017-11-04,2557.290039,2559.929932,2529.939941,2542.949951,2542.949951,1337100
2017-11-11,2548.270020,2559.100098,2511.760010,2533.989990,2533.989990,1617600
2017-11-18,2536.800049,2553.219971,2523.520020,2544.330078,2544.330078,2064100
2017-11-25,2544.739990,2546.709961,2472.750000,2475.409912,2475.409912,1561900
2017-12-02,2486.719971,2513.679932,2452.399902,2464.000000,2464.000000,2038100
2017-12-09,2467.810059,2514.610107,2455.389893,2482.070068,2482.070068,1434900
2017-12-16,2488.830078,2498.669922,2426.939941,2440.540039,2440.540039,1345100
2017-12-23,2447.669922,2467.510010,2411.479980,2467.489990,2467.489990,860100
2017-12-30,2474.860107,2502.500000,2465.939941,2497.520020,2497.520020,1235900
2018-01-06,2510.699951,2524.729980,2482.149902,2496.419922,2496.419922,2012800
2018-01-13,2510.969971,2532.080078,2496.179932,2520.260010,2520.260010,1767800
2018-01-20,2516.899902,2574.760010,2488.439941,2574.760010,2574.760010,1999300
2018-01-27,2588.870117,2607.100098,2519.600098,2525.389893,2525.389893,2314500
2018-02-03,2487.340088,2503.989990,2346.729980,2363.770020,2363.770020,2336700
2018-02-10,2380.489990,2426.629883,2367.310059,2421.830078,2421.830078,1081400
2018-02-17,2452.520020,2455.120117,2404.020020,2451.520020,2451.520020,1826000
2018-02-24,2465.350098,2480.790039,2387.250000,2402.159912,2402.159912,1280500
2018-03-03,2405.919922,2476.429932,2374.800049,2459.449951,2459.449951,1957400
2018-03-10,2485.639893,2497.800049,2471.040039,2493.969971,2493.969971,1824200
2018-03-17,2491.989990,2508.709961,2412.620117,2416.760010,2416.760010,2107900
2018-03-24,2414.679932,2458.239990,2399.439941,2445.850098,2445.850098,1869000
2018-03-31,2454.719971,2467.520020,2405.909912,2429.580078,2429.580078,2484400
2018-04-07,2424.149902,2458.989990,2419.550049,2455.070068,2455.070068,1883500
2018-04-14,2466.040039,2490.570068,2449.080078,2476.330078,2476.330078,2647900
2018-04-21,2473.699951,2508.129883,2436.510010,2492.399902,2492.399902,2677700
2018-04-28,2502.290039,2516.570068,2461.379883,2461.379883,2461.379883,2780000
2018-05-05,2468.449951,2483.850098,2428.790039,2477.709961,2477.709961,2398000
2018-05-12,2482.969971,2486.169922,2444.669922,2460.649902,2460.649902,3083300
2018-05-19,2464.070068,2481.310059,2444.770020,2460.800049,2460.800049,2632500
2018-05-26,2465.000000,2482.399902,2399.580078,2438.959961,2438.959961,3276000
2018-06-02,2444.620117,2478.669922,2432.810059,2451.580078,2451.580078,1944600
2018-06-09,2454.250000,2479.560059,2403.969971,2404.040039,2404.040039,2076900
2018-06-16,2404.679932,2405.560059,2320.760010,2357.219971,2357.219971,2602700
2018-06-23,2351.889893,2361.389893,2296.389893,2326.129883,2326.129883,2223700
2018-06-30,2322.229980,2327.590088,2243.899902,2272.870117,2272.870117,1765700
2018-07-07,2276.919922,2313.800049,2262.770020,2310.899902,2310.899902,1771500
2018-07-14,2312.260010,2319.389893,2269.550049,2289.189941,2289.189941,1896600
2018-07-21,2289.610107,2297.159912,2263.129883,2294.989990,2294.989990,1645100
2018-07-28,2290.179932,2312.649902,2265.459961,2287.679932,2287.679932,1272000
2018-08-04,2288.510010,2308.600098,2277.889893,2282.790039,2282.790039,1305600
2018-08-11,2266.429932,2271.820068,2218.090088,2247.050049,2247.050049,1141500
2018-08-18,2257.350098,2295.219971,2244.590088,2293.209961,2293.209961,1520900
2018-08-25,2297.320068,2322.879883,2289.409912,2322.879883,2322.879883,1394900
2018-09-01,2317.929932,2318.719971,2264.899902,2281.580078,2281.580078,1610800
2018-09-08,2277.350098,2318.649902,2271.000000,2318.250000,2318.250000,1611100
2018-09-15,2314.550049,2339.169922,2287.419922,2339.169922,2339.169922,1614100
2018-09-22,2331.699951,2356.620117,2331.699951,2343.070068,2343.070068,597100
2018-09-29,2349.639893,2352.110107,2250.989990,2267.520020,2267.520020,1157800
2018-10-06,2258.729980,2273.709961,2129.129883,2161.850098,2161.850098,1284800
2018-10-13,2155.340088,2182.770020,2117.620117,2156.260010,2156.260010,1430500
2018-10-20,2143.080078,2163.209961,2008.859985,2027.150024,2027.150024,1907100
2018-10-27,2026.680054,2096.629883,1985.949951,2096.000000,2096.000000,1957700
2018-11-03,2079.810059,2120.879883,2052.669922,2086.090088,2086.090088,1788400
2018-11-10,2065.919922,2103.110107,2032.050049,2092.399902,2092.399902,1670500
2018-11-17,2096.129883,2111.389893,2047.959961,2057.479980,2057.479980,1292500
2018-11-24,2060.169922,2136.739990,2060.169922,2096.860107,2096.860107,1511600
2018-12-01,2127.780029,2136.639893,2064.000000,2075.760010,2075.760010,2345800
2018-12-08,2048.449951,2104.429932,2043.209961,2069.379883,2069.379883,1903200
2018-12-15,2071.209961,2080.649902,2047.520020,2061.489990,2061.489990,2025300
2018-12-22,2050.379883,2059.939941,2014.280029,2041.040039,2041.040039,1357500
2018-12-29,2050.550049,2053.449951,1984.530029,2010.250000,2010.250000,1163400
2019-01-05,2034.239990,2076.989990,2023.589966,2075.570068,2075.570068,1987200
2019-01-12,2070.489990,2124.500000,2059.459961,2124.280029,2124.280029,2305100
2019-01-19,2133.870117,2178.010010,2106.739990,2177.729980,2177.729980,2049700
2019-01-26,2184.409912,2222.879883,2162.530029,2203.459961,2203.459961,2429200
2019-02-02,2215.770020,2215.790039,2171.959961,2177.050049,2177.050049,818800
2019-02-09,2180.540039,2225.850098,2167.360107,2196.090088,2196.090088,2232000
2019-02-16,2207.360107,2234.679932,2193.340088,2230.500000,2230.500000,1869600
2019-02-23,2241.129883,2241.760010,2195.439941,2195.439941,2195.439941,1482700
2019-03-02,2210.969971,2216.020020,2137.439941,2137.439941,2137.439941,1621100
2019-03-09,2140.290039,2181.770020,2125.540039,2176.110107,2176.110107,1641100
2019-03-16,2179.689941,2200.320068,2152.209961,2186.949951,2186.949951,1571600
2019-03-23,2158.800049,2159.250000,2120.929932,2140.669922,2140.669922,1624200
2019-03-30,2153.310059,2216.149902,2153.310059,2209.610107,2209.610107,1827600
2019-04-06,2217.659912,2233.449951,2202.489990,2233.449951,2233.449951,2014000
2019-04-13,2242.310059,2252.050049,2210.429932,2216.149902,2216.149902,1999100
2019-04-20,2218.500000,2229.750000,2168.149902,2179.310059,2179.310059,2561600
2019-04-27,2183.409912,2217.030029,2181.820068,2196.320068,2196.320068,1749200
2019-05-04,2172.389893,2179.510010,2090.389893,2108.040039,2108.040039,2398700
2019-05-11,2091.800049,2101.090088,2053.790039,2055.800049,2055.800049,3062400
2019-05-18,2066.530029,2077.100098,2035.979980,2045.310059,2045.310059,2667000
2019-05-25,2044.250000,2058.419922,2016.250000,2041.739990,2041.739990,2128100
2019-06-01,2031.030029,2086.489990,2029.170044,2072.330078,2072.330078,1571700
2019-06-08,2087.370117,2118.889893,2075.510010,2095.409912,2095.409912,2728600
2019-06-15,2091.709961,2132.679932,2087.250000,2125.620117,2125.620117,3724800
2019-06-22,2130.320068,2141.270020,2115.110107,2130.620117,2130.620117,3231700
2019-06-29,2147.239990,2147.239990,2088.969971,2110.590088,2110.590088,1799491300
2019-07-06,2091.909912,2092.540039,2052.030029,2086.659912,2086.659912,391800
2019-07-13,2083.389893,2096.729980,2061.330078,2094.360107,2094.360107,383100
2019-07-20,2090.350098,2106.389893,2054.639893,2066.260010,2066.260010,826480100
2019-07-27,2059.129883,2063.129883,1987.119995,1998.130005,1998.130005,2600
2019-08-03,1985.930054,1987.640015,1891.810059,1937.750000,1937.750000,3600
2019-08-10,1941.530029,1952.219971,1911.719971,1927.170044,1927.170044,2200
2019-08-17,1936.640015,1971.119995,1931.439941,1948.300049,1948.300049,2200
2019-08-24,1915.339966,1971.209961,1909.920044,1967.790039,1967.790039,1600
2019-08-31,1969.189941,2017.199951,1960.150024,2009.130005,2009.130005,1500
2019-09-07,2013.380005,2050.800049,2013.280029,2049.199951,2049.199951,1400
2019-09-14,2056.260010,2092.370117,2044.800049,2091.520020,2091.520020,2700
2019-09-21,2087.699951,2101.629883,2044.750000,2049.929932,2049.929932,2300
2019-09-28,2045.770020,2077.479980,2020.689941,2020.689941,2020.689941,1500
2019-10-05,2031.530029,2053.939941,2010.900024,2044.609985,2044.609985,1500
2019-10-12,2068.129883,2090.010010,2057.889893,2060.689941,2060.689941,2300
2019-10-19,2067.969971,2093.810059,2059.330078,2087.889893,2087.889893,1650600
2019-10-26,2096.669922,2105.169922,2075.540039,2100.199951,2100.199951,1922100
2019-11-02,2111.320068,2156.229980,2111.320068,2137.229980,2137.229980,2286800
2019-11-09,2139.070068,2165.020020,2118.669922,2162.179932,2162.179932,2969400
2019-11-16,2161.889893,2165.889893,2088.189941,2101.959961,2101.959961,2996700
2019-11-23,2117.139893,2139.639893,2085.100098,2087.959961,2087.959961,2066000
2019-11-30,2097.550049,2103.870117,2053.560059,2081.850098,2081.850098,2094700
2019-12-07,2091.939941,2170.250000,2080.159912,2170.250000,2170.250000,2686500
2019-12-14,2168.050049,2206.820068,2166.290039,2204.179932,2204.179932,2857500
2019-12-21,2208.219971,2215.550049,2177.399902,2204.209961,2204.209961,2133500
2019-12-28,2202.620117,2208.040039,2165.389893,2176.459961,2176.459961,1542700
2020-01-04,2154.969971,2206.919922,2137.719971,2206.389893,2206.389893,3261800
2020-01-11,2204.489990,2268.709961,2204.489990,2250.570068,2250.570068,3459500
2020-01-18,2261.399902,2277.229980,2235.129883,2246.129883,2246.129883,2433900
2020-01-25,2192.219971,2199.929932,2119.010010,2119.010010,2119.010010,2814000
2020-02-01,2086.610107,2229.989990,2082.739990,2211.949951,2211.949951,3530900
2020-02-08,2185.629883,2255.489990,2180.510010,2243.590088,2243.590088,3004000
2020-02-15,2243.070068,2250.050049,2160.280029,2162.840088,2162.840088,2864500
2020-02-22,2114.040039,2120.060059,1980.819946,1987.010010,1987.010010,4559200
2020-02-29,1997.030029,2089.080078,1969.339966,2040.219971,2040.219971,3290900
2020-03-07,1981.020020,1989.500000,1680.599976,1771.439941,1771.439941,3870800
2020-03-14,1805.430054,1805.430054,1439.430054,1566.150024,1566.150024,3854500
2020-03-21,1474.449951,1759.050049,1458.410034,1717.729980,1717.729980,4269300
2020-03-28,1670.339966,1762.439941,1659.949951,1725.439941,1725.439941,4815300
2020-04-04,1745.250000,1861.099976,1742.670044,1860.699951,1860.699951,4991400
2020-04-11,1853.300049,1926.020020,1825.760010,1914.530029,1914.530029,4450400
2020-04-18,1908.339966,1925.250000,1841.660034,1889.010010,1889.010010,4699800
2020-04-25,1897.060059,1957.510010,1894.619995,1947.560059,1947.560059,3893400
2020-05-02,1906.420044,1956.890015,1894.290039,1945.819946,1945.819946,3789300
2020-05-09,1953.510010,1960.459961,1897.239990,1927.280029,1927.280029,3636800
2020-05-16,1934.510010,2004.949951,1921.140015,1970.130005,1970.130005,3682900
